Category,Furniture,
,,
0,Sum of Sales,Sum of Quantity
12-1/2 Diameter Round Wall Clock,551.448,36
24-Hour Round Wall Clock,487.512,27
36X48 HARDFLOOR CHAIRMAT,369.248,21
3M Hangers With Command Adhesive,108.04,33
3M Polarizing Light Filter Sleeves,216.34,14
"3M Polarizing Task Lamp with Clamp Arm, Light Gray",2191.68,16
"6"" Cubicle Wall Clock, Black",124.586,19
9-3/4 Diameter Round Wall Clock,455.07,34
Acrylic Self-Standing Desk Frames,93.984,37
"Advantus Clock, Black",2685.1275,70
"Advantus Clock, Duo Pack",2861.4775,71
"Advantus Clock, Durable",2233.776,56
"Advantus Clock, Erganomic",1090.218,26
"Advantus Door Stop, Black",2739.6252,79
"Advantus Door Stop, Duo Pack",1748.8908,51
"Advantus Door Stop, Durable",1636.134,68
"Advantus Door Stop, Erganomic",3394.515,104
"Advantus Employee of the Month Certificate Frame, 11 x 13-1/2",822.738,28
"Advantus Frame, Black",4881.872,67
"Advantus Frame, Duo Pack",4453.8708,55
"Advantus Frame, Durable",6335.7875,77
"Advantus Frame, Erganomic",5416.4006,65
"Advantus Light Bulb, Black",984.5004,79
"Advantus Light Bulb, Duo Pack",882.365,58
"Advantus Light Bulb, Durable",972.249,73
"Advantus Light Bulb, Erganomic",858.5563,71
Advantus Panel Wall Acrylic Frame,87.52,20
Advantus Panel Wall Certificate Holder - 8.5x11,270.84,23
"Advantus Photo Frame, Black",3854.8248,96
"Advantus Photo Frame, Duo Pack",3007.368,76
"Advantus Photo Frame, Durable",1891.7116,51
"Advantus Photo Frame, Erganomic",3188.88,80
"Advantus Stacking Tray, Black",1545.3621,76
"Advantus Stacking Tray, Durable",1672.737,74
"Advantus Stacking Tray, Erganomic",2407.9029,131
Aluminum Document Frame,244.4,22
Anderson Hickey Conga Table Tops & Accessories,51.782,5
Artistic Insta-Plaque,156.8,10
"Atlantic Metals Mobile 2-Shelf Bookcases, Custom Colors",400.0268,3
"Atlantic Metals Mobile 3-Shelf Bookcases, Custom Colors",7539.7122,35
"Atlantic Metals Mobile 4-Shelf Bookcases, Custom Colors",5184.081,27
"Atlantic Metals Mobile 5-Shelf Bookcases, Custom Colors",5492.885,26
Balt Solid Wood Rectangular Table,828.0965,11
Balt Solid Wood Round Tables,6518.754,19
Balt Split Level Computer Training Table,1040.625,12
"Barricks 18"" x 48"" Non-Folding Utility Table with Bottom Storage Shelf",1088.64,16
"Barricks Coffee Table, Adjustable Height",5977.6315,38
"Barricks Coffee Table, Fully Assembled",3190.2741,15
"Barricks Coffee Table, Rectangular",3140.235,18
"Barricks Coffee Table, with Bottom Storage",1125.6,7
"Barricks Computer Table, Adjustable Height",3098.0885,12
"Barricks Computer Table, Fully Assembled",10620.2178,41
"Barricks Computer Table, with Bottom Storage",8672.542,24
"Barricks Conference Table, Adjustable Height",6425.508,14
"Barricks Conference Table, Fully Assembled",14930.505,21
"Barricks Conference Table, Rectangular",3663.8325,10
"Barricks Conference Table, with Bottom Storage",6500.74,13
"Barricks Non-Folding Utility Table with Steel Legs, Laminate Tops",136.464,2
"Barricks Round Table, Adjustable Height",3232.075,13
"Barricks Round Table, Fully Assembled",6716.4596,20
"Barricks Round Table, Rectangular",1622.01,5
"Barricks Round Table, with Bottom Storage",3635.9475,11
"Barricks Training Table, Adjustable Height",8701.3035,30
"Barricks Training Table, Fully Assembled",3266.9835,22
"Barricks Training Table, Rectangular",5325.5682,25
"Barricks Training Table, with Bottom Storage",2316.163,14
"Barricks Wood Table, Adjustable Height",3858.792,18
"Barricks Wood Table, Fully Assembled",4043.52,12
"Barricks Wood Table, Rectangular",2603.37,6
"Barricks Wood Table, with Bottom Storage",5374.3489,17
Bestar Classic Bookcase,1897.8102,31
Bevis 36 x 72 Conference Tables,4332.252,40
Bevis 44 x 96 Conference Tables,3253.22,20
Bevis Boat-Shaped Conference Table,2542.467,15
"Bevis Coffee Table, Adjustable Height",3373.4961,15
"Bevis Coffee Table, Fully Assembled",1816.6775,11
"Bevis Coffee Table, Rectangular",1789.25,10
"Bevis Coffee Table, with Bottom Storage",827.268,4
"Bevis Computer Table, Adjustable Height",3674.272,11
"Bevis Computer Table, Fully Assembled",11177.8962,43
"Bevis Computer Table, with Bottom Storage",2682.234,9
"Bevis Conference Table, Fully Assembled",14886.9507,26
"Bevis Conference Table, Rectangular",3685.32,7
"Bevis Conference Table, with Bottom Storage",7399.3176,12
"Bevis Oval Conference Table, Walnut",6942.068,36
Bevis Rectangular Conference Tables,1007.262,13
"Bevis Round Bullnose 29"" High Table Top",4544.925,24
Bevis Round Conference Room Tables and Bases,519.941,4
Bevis Round Conference Table Top & Single Column Base,2297.538,19
"Bevis Round Conference Table Top, X-Base",2671.421,20
"Bevis Round Table, Adjustable Height",5654.796,22
"Bevis Round Table, Fully Assembled",3395.112,12
"Bevis Round Table, Rectangular",8107.7472,23
"Bevis Round Table, with Bottom Storage",2710.1337,7
Bevis Steel Folding Chairs,1775.075,24
"Bevis Traditional Conference Table Top, Plinth Base",2033.496,9
"Bevis Training Table, Adjustable Height",4547.2994,22
"Bevis Training Table, Fully Assembled",2968.6105,18
"Bevis Training Table, Rectangular",3929.6325,15
"Bevis Training Table, with Bottom Storage",669.96,5
"Bevis Wood Table, Adjustable Height",2607.56,8
"Bevis Wood Table, Fully Assembled",2065.4088,7
"Bevis Wood Table, Rectangular",5179.005,13
"Bevis Wood Table, with Bottom Storage",11134.662,34
BoxOffice By Design Rectangular and Half-Moon Meeting Room Tables,1706.25,15
BPI Conference Tables,2241.8675,26
Bretford “Just In Time” Height-Adjustable Multi-Task Work Tables,5634.9,17
Bretford CR4500 Series Slim Rectangular Table,7242.768,29
Bretford CR8500 Series Meeting Room Furniture,6776.562,21
Bretford Rectangular Conference Table Tops,12995.2915,46
"Bush 3-Shelf Cabinet, Metal",5695.1082,49
"Bush 3-Shelf Cabinet, Mobile",5260.7934,51
"Bush 3-Shelf Cabinet, Pine",3236.904,29
"Bush 3-Shelf Cabinet, Traditional",6111.8631,51
Bush Advantage Collection Racetrack Conference Table,9544.725,33
Bush Advantage Collection Round Conference Table,3401.6,19
"Bush Andora Bookcase, Maple/Graphite Gray Finish",3317.7235,34
"Bush Andora Conference Table, Maple/Graphite Gray Finish",1436.232,12
"Bush Birmingham Collection Bookcase, Dark Cherry",825.174,9
"Bush Classic Bookcase, Metal",23540.063,72
"Bush Classic Bookcase, Mobile",19021.696,55
"Bush Classic Bookcase, Pine",16754.414,50
"Bush Classic Bookcase, Traditional",26535.324,79
"Bush Corner Shelving, Metal",6007.9,69
"Bush Corner Shelving, Mobile",6831.9617,77
"Bush Corner Shelving, Pine",6775.4626,71
"Bush Corner Shelving, Traditional",5044.3265,58
"Bush Cubix Collection Bookcases, Fully Assembled",729.234,4
"Bush Cubix Conference Tables, Fully Assembled",3603.288,19
"Bush Floating Shelf Set, Metal",7695.9393,58
"Bush Floating Shelf Set, Mobile",8055.7458,57
"Bush Floating Shelf Set, Pine",7630.9548,58
"Bush Floating Shelf Set, Traditional",4805.8362,37
"Bush Heritage Pine Collection 5-Shelf Bookcase, Albany Pine Finish, *Special Order",3626.0056,34
"Bush Library with Doors, Metal",28516.7142,88
"Bush Library with Doors, Mobile",16642.308,60
"Bush Library with Doors, Pine",9028.3923,41
"Bush Library with Doors, Traditional",15260.1504,64
Bush Mission Pointe Library,748.8608,6
"Bush Saratoga Collection 5-Shelf Bookcase, Hanover Cherry, *Special Order",119.833,1
Bush Somerset Collection Bookcase,1263.957,12
"Bush Stackable Bookrack, Mobile",6443.105,64
"Bush Stackable Bookrack, Pine",15633.668,165
"Bush Stackable Bookrack, Traditional",6732.1976,64
"Bush Westfield Collection Bookcases, Dark Cherry Finish",649.376,14
"Bush Westfield Collection Bookcases, Dark Cherry Finish, Fully Assembled",90.882,3
"Bush Westfield Collection Bookcases, Fully Assembled",1473.2982,18
"Bush Westfield Collection Bookcases, Medium Cherry Finish",1426.8878,32
"Career Cubicle Clock, 8 1/4"", Black",194.688,10
"Chromcraft 48"" x 96"" Racetrack Double Pedestal Table",5098.176,22
"Chromcraft Bull-Nose Wood 48"" x 96"" Rectangular Conference Tables",4297.644,11
Chromcraft Bull-Nose Wood Oval Conference Tables & Bases,9917.64,27
"Chromcraft Bull-Nose Wood Round Conference Table Top, Wood Base",3354.89,18
"Chromcraft Coffee Table, Adjustable Height",2917.2,16
"Chromcraft Coffee Table, Fully Assembled",1226.424,19
"Chromcraft Coffee Table, Rectangular",1442.397,11
"Chromcraft Coffee Table, with Bottom Storage",1367.5008,7
"Chromcraft Computer Table, Adjustable Height",7582.967,22
"Chromcraft Computer Table, Fully Assembled",2550.76,11
"Chromcraft Computer Table, Rectangular",1411.2,6
"Chromcraft Computer Table, with Bottom Storage",13829.1036,43
"Chromcraft Conference Table, Adjustable Height",4520.11,10
"Chromcraft Conference Table, Fully Assembled",8042.088,12
"Chromcraft Conference Table, Rectangular",10210.816,20
"Chromcraft Conference Table, with Bottom Storage",13700.919,22
Chromcraft Rectangular Conference Tables,4952.673,30
Chromcraft Round Conference Tables,8209.059,61
"Chromcraft Round Table, Adjustable Height",8312.6902,31
"Chromcraft Round Table, Fully Assembled",3576.751,14
"Chromcraft Round Table, Rectangular",3252.69,11
"Chromcraft Round Table, with Bottom Storage",4881.195,18
"Chromcraft Training Table, Adjustable Height",38.144,1
"Chromcraft Training Table, Fully Assembled",606.8656,4
"Chromcraft Training Table, Rectangular",2141.9106,14
"Chromcraft Training Table, with Bottom Storage",2146.2084,12
"Chromcraft Wood Table, Adjustable Height",4944.042,14
"Chromcraft Wood Table, Fully Assembled",2807.142,9
"Chromcraft Wood Table, Rectangular",4724.0856,20
"Chromcraft Wood Table, with Bottom Storage",4149.672,13
"C-Line Cubicle Keepers Polyproplyene Holder w/Velcro Back, 8-1/2x11, 25/Bx",514.556,13
C-Line Cubicle Keepers Polyproplyene Holder With Velcro Backings,137.17,31
"C-Line Magnetic Cubicle Keepers, Clear Polypropylene",136.344,28
Coloredge Poster Frame,298.2,21
"Computer Room Manger, 14""",636.608,22
Contemporary Borderless Frame,36.162,6
Contemporary Wood/Metal Frame,193.92,18
"Contract Clock, 14"", Brown",334.096,21
"Dana Fluorescent Magnifying Lamp, White, 36""",581.172,14
Dana Halogen Swing-Arm Architect Lamp,1114.384,28
Dana Swing-Arm Lamps,108.936,15
"Dania 3-Shelf Cabinet, Metal",4541.999,43
"Dania 3-Shelf Cabinet, Mobile",7227.294,56
"Dania 3-Shelf Cabinet, Pine",7484.624,70
"Dania 3-Shelf Cabinet, Traditional",4789.0255,41
"Dania Classic Bookcase, Metal",17612.112,51
"Dania Classic Bookcase, Mobile",14794.0464,47
"Dania Classic Bookcase, Pine",25630.4946,88
"Dania Classic Bookcase, Traditional",15047.508,56
"Dania Corner Shelving, Metal",7417.381,85
"Dania Corner Shelving, Mobile",5444.1677,57
"Dania Corner Shelving, Pine",6999.1482,88
"Dania Corner Shelving, Traditional",9698.0546,89
"Dania Floating Shelf Set, Metal",9772.4109,68
"Dania Floating Shelf Set, Mobile",5474.0595,47
"Dania Floating Shelf Set, Pine",3641.6,32
"Dania Floating Shelf Set, Traditional",6479.331,58
"Dania Library with Doors, Metal",16910.924,63
"Dania Library with Doors, Mobile",14971.4512,56
"Dania Library with Doors, Pine",17708.5625,69
"Dania Library with Doors, Traditional",21495.152,76
"Dania Stackable Bookrack, Mobile",5418.861,63
"Dania Stackable Bookrack, Pine",12629.124,126
"Dania Stackable Bookrack, Traditional",7829.9175,80
"DataProducts Ampli Magnifier Task Lamp, Black,",508.728,21
DAX Black Cherry Wood-Tone Poster Frame,455.456,24
"DAX Charcoal/Nickel-Tone Document Frame, 5 x 7",168.744,23
Dax Clear Box Frame,96.03,14
DAX Clear Channel Poster Frame,119.556,10
"DAX Contemporary Wood Frame with Silver Metal Mat, Desktop, 11 x 14 Size",291.456,15
"DAX Copper Panel Document Frame, 5 x 7 Size",171.088,18
DAX Cubicle Frames - 8x10,125.786,26
"DAX Cubicle Frames, 8-1/2 x 11",145.69,17
"DAX Executive Solid Wood Document Frame, Desktop or Hang, Mahogany, 5 x 7",196.248,17
"DAX Metal Frame, Desktop, Stepped-Edge",161.92,11
DAX Natural Wood-Tone Poster Frame,513.712,23
DAX Solid Wood Frames,113.332,13
"DAX Two-Tone Rosewood/Black Document Frame, Desktop, 5 x 7",216.144,25
DAX Two-Tone Silver Metal Document Frame,234.784,13
"DAX Value U-Channel Document Frames, Easel Back",175.938,36
DAX Wood Document Frame,477.804,40
DAX Wood Document Frame.,159.268,16
"Deflect-O Clock, Black",3312.2427,102
"Deflect-O Clock, Duo Pack",2555.6059,58
"Deflect-O Clock, Durable",2912.988,82
"Deflect-O Clock, Erganomic",2853.7607,74
"Deflect-O Door Stop, Black",2530.348,89
"Deflect-O Door Stop, Duo Pack",1788.4197,50
"Deflect-O Door Stop, Durable",1974.553,55
"Deflect-O Door Stop, Erganomic",2499.5685,76
Deflect-o DuraMat Antistatic Studded Beveled Mat for Medium Pile Carpeting,1685.44,18
"Deflect-o DuraMat Lighweight, Studded, Beveled Mat for Low Pile Carpeting",673.87,17
"Deflect-o EconoMat Nonstudded, No Bevel Mat",702.44,14
"Deflect-o EconoMat Studded, No Bevel Mat for Low Pile Carpeting",1115.64,33
"Deflect-O Frame, Black",6739.95,85
"Deflect-O Frame, Duo Pack",4879.632,59
"Deflect-O Frame, Durable",6745.41,77
"Deflect-O Frame, Erganomic",7106.364,84
Deflect-o Glass Clear Studded Chair Mats,1579.372,26
Deflect-O Glasstique Clear Desk Accessories,124.74,17
"Deflect-O Light Bulb, Black",975.453,83
"Deflect-O Light Bulb, Duo Pack",589.407,44
"Deflect-O Light Bulb, Durable",359.8092,30
"Deflect-O Light Bulb, Erganomic",1064.1723,79
"Deflect-O Photo Frame, Black",2788.587,64
"Deflect-O Photo Frame, Duo Pack",1914.726,48
"Deflect-O Photo Frame, Durable",2100.4018,56
"Deflect-O Photo Frame, Erganomic",1411.192,37
"Deflect-o RollaMat Studded, Beveled Mat for Medium Pile Carpeting",1623.248,26
"Deflect-O Stacking Tray, Black",1713.0685,89
"Deflect-O Stacking Tray, Durable",1331.94,72
"Deflect-O Stacking Tray, Erganomic",1922.8808,115
"Deflect-o SuperTray Unbreakable Stackable Tray, Letter, Black",437.7,18
DMI Arturo Collection Mission-style Design Wood Chair,4619.988,37
DMI Eclipse Executive Suite Bookcases,11046.609,27
Document Clip Frames,45.036,6
"Eldon ""L"" Workstation Diamond Chairmat",1002.936,19
Eldon 100 Class Desk Accessories,36.396,18
Eldon 200 Class Desk Accessories,133.136,22
"Eldon 200 Class Desk Accessories, Black",75.36,12
"Eldon 200 Class Desk Accessories, Burgundy",135.648,25
"Eldon 200 Class Desk Accessories, Smoke",138.16,22
"Eldon 300 Class Desk Accessories, Black",29.7,6
"Eldon 400 Class Desk Accessories, Black Carbon",159.25,22
Eldon 500 Class Desk Accessories,197.948,17
Eldon Advantage Chair Mats for Low to Medium Pile Carpets,563.03,13
Eldon Advantage Foldable Chair Mats for Low Pile Carpets,379.4,10
Eldon Antistatic Chair Mats for Low to Medium Pile Carpets,1431.944,14
Eldon Cleatmat Chair Mats for Medium Pile Carpets,344.1,8
Eldon Cleatmat Plus Chair Mats for High Pile Carpets,1304.128,20
"Eldon Clock, Black",3051.8916,66
"Eldon Clock, Duo Pack",2398.6148,50
"Eldon Clock, Durable",2259.81,58
"Eldon Clock, Erganomic",1804.916,41
Eldon ClusterMat Chair Mat with Cordless Antistatic Protection,1200.936,18
"Eldon Delta Triangular Chair Mat, 52"" x 58"", Clear",546.192,17
"Eldon Door Stop, Black",3211.2432,73
"Eldon Door Stop, Duo Pack",1935.144,54
"Eldon Door Stop, Durable",2691.7176,70
"Eldon Door Stop, Erganomic",2523.552,65
Eldon Econocleat Chair Mats for Low Pile Carpets,331.76,8
Eldon Executive Woodline II Cherry Finish Desk Accessories,98.136,6
"Eldon Executive Woodline II Desk Accessories, Mahogany",361.872,17
"Eldon Expressions Desk Accessory, Wood Pencil Holder, Oak",108.08,15
"Eldon Expressions Desk Accessory, Wood Photo Frame, Mahogany",262.752,20
Eldon Expressions Mahogany Wood Desk Collection,93.6,15
"Eldon Expressions Punched Metal & Wood Desk Accessories, Black & Cherry",155.708,20
"Eldon Expressions Punched Metal & Wood Desk Accessories, Pewter & Cherry",121.296,13
"Eldon Expressions Wood and Plastic Desk Accessories, Cherry Wood",160.54,23
"Eldon Expressions Wood and Plastic Desk Accessories, Oak",149.7,15
"Eldon Expressions Wood Desk Accessories, Oak",183.024,33
"Eldon Frame, Black",2874.0875,34
"Eldon Frame, Duo Pack",5518.9095,65
"Eldon Frame, Durable",7124.9344,80
"Eldon Frame, Erganomic",4349.744,56
Eldon Image Series Black Desk Accessories,48.852,12
"Eldon Image Series Desk Accessories, Burgundy",111.188,31
"Eldon Imàge Series Desk Accessories, Clear",53.46,17
"Eldon Image Series Desk Accessories, Ebony",180.31,18
"Eldon Light Bulb, Black",933.66,61
"Eldon Light Bulb, Duo Pack",1429.716,75
"Eldon Light Bulb, Durable",932.4744,54
"Eldon Light Bulb, Erganomic",782.4076,47
"Eldon Photo Frame, Black",1636.3776,37
"Eldon Photo Frame, Duo Pack",2888.1405,72
"Eldon Photo Frame, Durable",1720.1842,42
"Eldon Photo Frame, Erganomic",2188.2652,59
Eldon Pizzaz Desk Accessories,37.464,19
Eldon Radial Chair Mat for Low to Medium Pile Carpets,775.612,20
"Eldon Regeneration Recycled Desk Accessories, Black",39.688,9
"Eldon Regeneration Recycled Desk Accessories, Smoke",33.756,21
"Eldon Stackable Tray, Side-Load, Legal, Smoke",155.38,17
"Eldon Stacking Tray, Black",1038.45,43
"Eldon Stacking Tray, Duo Pack",1721.9136,72
"Eldon Stacking Tray, Durable",1639.0485,70
"Eldon Stacking Tray, Erganomic",996.1688,44
Eldon Wave Desk Accessories,266.73,61
Electrix 20W Halogen Replacement Bulb for Zoom-In Desk Lamp,168.84,13
"Electrix Architect's Clamp-On Swing Arm Lamp, Black",2863.8,33
Electrix Fluorescent Magnifier Lamps & Weighted Base,463.796,11
Electrix Halogen Magnifier Lamp,2759.06,17
"Electrix Incandescent Magnifying Lamp, Black",117.28,5
"Executive Impressions 10"" Spectator Wall Clock",258.72,22
"Executive Impressions 12"" Wall Clock",176.7,14
"Executive Impressions 13"" Chairman Wall Clock",253.8,11
"Executive Impressions 13"" Clairmont Wall Clock",315.372,20
"Executive Impressions 13-1/2"" Indoor/Outdoor Wall Clock",56.1,3
"Executive Impressions 14""",377.91,17
"Executive Impressions 14"" Contract Wall Clock",346.788,17
"Executive Impressions 14"" Contract Wall Clock with Quartz Movement",97.812,8
"Executive Impressions 14"" Two-Color Numerals Wall Clock",308.992,16
"Executive Impressions 16-1/2"" Circular Wall Clock",58.784,4
"Executive Impressions 8-1/2"" Career Panel/Partition Cubicle Clock",66.56,7
Executive Impressions Supervisor Wall Clock,867.26,21
Flat Face Poster Frame,678.24,51
"Floodlight Indoor Halogen Bulbs, 1 Bulb per Pack, 60 Watts",434.56,24
G.E. Halogen Desk Lamp Bulbs,62.82,11
G.E. Longer-Life Indoor Recessed Floodlight Bulbs,81.008,16
"GE 4 Foot Flourescent Tube, 40 Watt",98.868,7
"GE 48"" Fluorescent Tube, Cool White Energy Saver, 34 Watts, 30/Box",2699.056,29
"GE General Purpose, Extra Long Life, Showcase & Floodlight Incandescent Bulbs",45.396,20
"GE General Use Halogen Bulbs, 100 Watts, 1 Bulb per Pack",163.332,15
"Global Adaptabilites Bookcase, Cherry/Storm Gray Finish",3447.84,8
Global Adaptabilities Conference Tables,3540.348,14
"Global Airflow Leather Mesh Back Chair, Black",3955.676,32
"Global Armless Task Chair, Royal Blue",1396.442,28
Global Chrome Stack Chair,815.864,32
Global Comet Stacking Arm Chair,6084.144,17
Global Comet Stacking Armless Chair,3528.79,14
Global Commerce Series High-Back Swivel/Tilt Chairs,7979.44,33
Global Commerce Series Low-Back Swivel/Tilt Chairs,4420.056,24
Global Deluxe High-Back Manager's Chair,8665.194,35
Global Deluxe High-Back Office Chair in Storm,1087.92,10
Global Deluxe Office Fabric Chairs,1420.504,17
"Global Deluxe Stacking Chair, Gray",764.7,19
Global Deluxe Steno Chair,1770.54,29
Global Enterprise Series Seating High-Back Swivel/Tilt Chairs,2032.35,10
Global Enterprise Series Seating Low-Back Swivel/Tilt Chairs,207.184,1
Global Ergonomic Managers Chair,6008.536,39
Global Executive Mid-Back Manager's Chair,4626.582,18
"Global Fabric Manager's Chair, Dark Gray",3150.576,35
"Global Geo Office Task Chair, Gray",1757.266,25
Global Highback Leather Tilter in Burgundy,2647.809,34
"Global High-Back Leather Tilter, Burgundy",5436.158,54
Global Italian Leather Office Chair,969.252,8
"Global Leather & Oak Executive Chair, Burgundy",1689.968,13
"Global Leather and Oak Executive Chair, Black",6410.874,26
Global Leather Executive Chair,5861.533,21
"Global Leather Highback Executive Chair with Pneumatic Height Adjustment, Black",5989.204,39
"Global Leather Task Chair, Black",1448.839,19
Global Low Back Tilter Chair,1746.954,21
"Global Manager's Adjustable Task Chair, Storm",2959.208,23
"Global Push Button Manager's Chair, Indigo",2185.951,44
"Global Stack Chair with Arms, Black",803.464,31
"Global Stack Chair without Arms, Black",901.506,44
Global Super Steno Chair,2389.902,30
"Global Task Chair, Black",463.099,12
Global Troy Executive Leather Low-Back Tilter,12975.382,32
"Global Value Mid-Back Manager's Chair, Gray",1978.925,39
"Global Value Steno Chair, Gray",2204.862,43
"Global Wood Trimmed Manager's Task Chair, Khaki",4166.884,59
GuestStacker Chair with Chrome Finish Legs,9070.944,31
Hand-Finished Solid Wood Document Frame,260.148,8
Harbour Creations 67200 Series Stacking Chairs,1501.898,24
"Harbour Creations Bag Chairs, Adjustable",3520.9212,80
"Harbour Creations Bag Chairs, Black",3487.2775,76
"Harbour Creations Bag Chairs, Red",3211.8398,72
"Harbour Creations Bag Chairs, Set of Two",2422.3762,51
"Harbour Creations Chairmat, Adjustable",3819.3506,64
"Harbour Creations Chairmat, Black",7839.6114,158
"Harbour Creations Chairmat, Red",5575.68,95
"Harbour Creations Chairmat, Set of Two",4550.535,82
"Harbour Creations Executive Leather Armchair, Adjustable",50121.516,142
"Harbour Creations Executive Leather Armchair, Black",32230.7392,100
"Harbour Creations Executive Leather Armchair, Red",23517.0012,68
"Harbour Creations Rocking Chair, Adjustable",8074.827,73
"Harbour Creations Rocking Chair, Black",10577.057,95
"Harbour Creations Rocking Chair, Red",5379.5716,48
"Harbour Creations Rocking Chair, Set of Two",7300.7348,80
Harbour Creations Steel Folding Chair,2389.125,34
"Harbour Creations Steel Folding Chair, Adjustable",3938.242,52
"Harbour Creations Steel Folding Chair, Black",6518.6452,87
"Harbour Creations Steel Folding Chair, Red",3636.2872,58
"Harbour Creations Steel Folding Chair, Set of Two",5714.3222,77
"Harbour Creations Swivel Stool, Adjustable",12236.6961,97
"Harbour Creations Swivel Stool, Black",10365.25,86
"Harbour Creations Swivel Stool, Red",16864.6356,135
"Harbour Creations Swivel Stool, Set of Two",13355.563,92
High-Back Leather Manager's Chair,4770.633,42
Hon 2090 “Pillow Soft” Series Mid Back Swivel/Tilt Chairs,5282.424,24
Hon 2111 Invitation Series Corner Table,3140.55,18
Hon 2111 Invitation Series Straight Table,2040.054,18
"Hon 30"" x 60"" Table with Locking Drawer",1296.028,6
Hon 4060 Series Tables,1231.56,13
Hon 4070 Series Pagoda Armless Upholstered Stacking Chairs,8430.997,34
Hon 4070 Series Pagoda Round Back Stacking Chairs,5906.032,21
Hon 4700 Series Mobuis Mid-Back Task Chairs with Adjustable Arms,7582.374,24
Hon 4-Shelf Metal Bookcases,1474.308,22
Hon 5100 Series Wood Tables,5965.09,26
HON 5400 Series Task Chairs for Big and Tall,21870.576,39
Hon 61000 Series Interactive Training Tables,653.121,22
Hon 94000 Series Round Tables,7404.5,30
"Hon Bag Chairs, Adjustable",2746.9224,89
"Hon Bag Chairs, Black",2006.7008,63
"Hon Bag Chairs, Red",2774.016,80
"Hon Bag Chairs, Set of Two",4546.45,138
"Hon Chairmat, Adjustable",3707.478,79
"Hon Chairmat, Black",2881.206,67
"Hon Chairmat, Red",3921.8988,98
"Hon Chairmat, Set of Two",4395.9024,96
"Hon Coffee Table, Adjustable Height",2417.484,11
"Hon Coffee Table, Fully Assembled",1142.532,6
"Hon Coffee Table, with Bottom Storage",3743.415,18
Hon Comfortask Task/Swivel Chairs,1686.904,18
"Hon Computer Table, Adjustable Height",3747.0465,11
"Hon Computer Table, Fully Assembled",6502.7655,25
"Hon Computer Table, with Bottom Storage",5043.186,12
"Hon Conference Table, Adjustable Height",15018.8742,29
"Hon Conference Table, Fully Assembled",1661.31,3
"Hon Conference Table, Rectangular",7588.2895,19
"Hon Conference Table, with Bottom Storage",1750.812,5
Hon Deluxe Fabric Upholstered Stacking Chairs,2586.188,15
"Hon Deluxe Fabric Upholstered Stacking Chairs, Rounded Back",10637.528,51
"Hon Deluxe Fabric Upholstered Stacking Chairs, Squared Back",1268.696,7
Hon Every-Day Chair Series Swivel Task Chairs,967.84,10
Hon Every-Day Series Multi-Task Chairs,6748.482,43
"Hon Executive Leather Armchair, Adjustable",58193.4841,169
"Hon Executive Leather Armchair, Black",29244.7696,86
"Hon Executive Leather Armchair, Red",19802.7716,56
Hon GuestStacker Chair,6936.102,34
"Hon Metal Bookcases, Black",1570.0776,30
"Hon Metal Bookcases, Gray",851.76,12
"Hon Metal Bookcases, Putty",1320.228,19
Hon Mobius Operator's Chair,2705.78,23
Hon Multipurpose Stacking Arm Chairs,6584.64,36
Hon Non-Folding Utility Tables,3775.647,29
Hon Olson Stacker Chairs,5427.99,22
Hon Olson Stacker Stools,5294.456,44
Hon Pagoda Stacking Chairs,6483.796,22
"Hon Practical Foundations 30 x 60 Training Table, Light Gray/Charcoal",4334.8275,22
Hon Racetrack Conference Tables,3963.901,22
Hon Rectangular Conference Tables,3481.515,20
"Hon Rocking Chair, Adjustable",8266.131,78
"Hon Rocking Chair, Black",10510.2981,116
"Hon Rocking Chair, Red",8209.467,86
"Hon Rocking Chair, Set of Two",11058.3272,117
"Hon Round Table, Adjustable Height",828.96,3
"Hon Round Table, Fully Assembled",1517.648,8
"Hon Round Table, Rectangular",3423.2,11
"Hon Round Table, with Bottom Storage",6362.89,19
"Hon Steel Folding Chair, Adjustable",5163.262,83
"Hon Steel Folding Chair, Black",3684.8835,74
"Hon Steel Folding Chair, Red",4333.1724,71
"Hon Steel Folding Chair, Set of Two",4554.1581,87
"Hon Swivel Stool, Adjustable",8264.3574,63
"Hon Swivel Stool, Black",19536.6396,158
"Hon Swivel Stool, Red",7706.824,62
"Hon Swivel Stool, Set of Two",6833.974,56
"Hon Training Table, Adjustable Height",5726.619,19
"Hon Training Table, Fully Assembled",5552.7915,22
"Hon Training Table, Rectangular",638.522,5
"Hon Training Table, with Bottom Storage",1064.64,4
Hon Valutask Swivel Chairs,1242.054,13
"Hon Wood Table, Adjustable Height",3129.984,11
"Hon Wood Table, Fully Assembled",6141.408,18
"Hon Wood Table, Rectangular",6805.18,18
"Hon Wood Table, with Bottom Storage",6446.804,18
"Howard Miller 11-1/2"" Diameter Brentwood Wall Clock",681.454,17
"Howard Miller 11-1/2"" Diameter Grantwood Wall Clock",500.308,14
"Howard Miller 11-1/2"" Diameter Ridgewood Wall Clock",1184.232,24
"Howard Miller 12"" Round Wall Clock",479.338,14
Howard Miller 12-3/4 Diameter Accuwave DS  Wall Clock,786.9,14
"Howard Miller 13"" Diameter Goldtone Round Wall Clock",1042.068,27
"Howard Miller 13"" Diameter Pewter Finish Round Wall Clock",1047.736,27
"Howard Miller 13-1/2"" Diameter Rosebrook Wall Clock",949.026,17
"Howard Miller 13-3/4"" Diameter Brushed Chrome Round Wall Clock",1324.8,31
"Howard Miller 14-1/2"" Diameter Chrome Round Wall Clock",1636.864,29
"Howard Miller 16"" Diameter Gallery Wall Clock",575.46,12
Howard Miller Distant Time Traveler Alarm Clock,531.948,21
"Iceberg Nesting Folding Chair, 19w x 6d x 43h",1589.406,31
"Iceberg OfficeWorks 42"" Round Tables",3457.442,30
"Ikea 3-Shelf Cabinet, Metal",6424.759,65
"Ikea 3-Shelf Cabinet, Mobile",6624.672,63
"Ikea 3-Shelf Cabinet, Pine",5150.5578,45
"Ikea 3-Shelf Cabinet, Traditional",4560.9288,41
"Ikea Classic Bookcase, Metal",25055.0253,80
"Ikea Classic Bookcase, Mobile",21804.411,65
"Ikea Classic Bookcase, Pine",16631.406,52
"Ikea Classic Bookcase, Traditional",22751.9325,62
"Ikea Corner Shelving, Metal",4449.9264,46
"Ikea Corner Shelving, Mobile",6951.2716,63
"Ikea Corner Shelving, Pine",4022.59,45
"Ikea Corner Shelving, Traditional",3400.558,37
"Ikea Floating Shelf Set, Metal",5082.68,44
"Ikea Floating Shelf Set, Mobile",4713.316,37
"Ikea Floating Shelf Set, Pine",8919.8678,68
"Ikea Floating Shelf Set, Traditional",12397.913,94
"Ikea Library with Doors, Metal",14360.3935,51
"Ikea Library with Doors, Mobile",19259.063,67
"Ikea Library with Doors, Pine",22536.0688,94
"Ikea Library with Doors, Traditional",18108.935,59
"Ikea Stackable Bookrack, Metal",7279.686,84
"Ikea Stackable Bookrack, Mobile",7949.271,86
"Ikea Stackable Bookrack, Pine",6184.107,55
"Ikea Stackable Bookrack, Traditional",6543.3204,62
KI Adjustable-Height Table,4552.641,74
KI Conference Tables,2140.878,44
Laminate Occasional Tables,2096.168,18
"Leather Task Chair, Black",1437.484,19
"Lesro Coffee Table, Adjustable Height",2482.589,17
"Lesro Coffee Table, Fully Assembled",1115.268,11
"Lesro Coffee Table, Rectangular",1472.463,10
"Lesro Coffee Table, with Bottom Storage",4275.6,23
"Lesro Computer Table, Adjustable Height",6700.984,23
"Lesro Computer Table, Fully Assembled",7223.262,34
"Lesro Computer Table, with Bottom Storage",3272.028,10
"Lesro Conference Table, Adjustable Height",10919.079,20
"Lesro Conference Table, Fully Assembled",7029.8925,12
"Lesro Conference Table, Rectangular",11002.93,23
"Lesro Conference Table, with Bottom Storage",12777.942,24
"Lesro Round Back Collection Coffee Table, End Table",2847.78,20
"Lesro Round Table, Adjustable Height",3960.624,19
"Lesro Round Table, Fully Assembled",3723.0708,17
"Lesro Round Table, Rectangular",10707.497,38
"Lesro Round Table, with Bottom Storage",3661.281,11
"Lesro Sheffield Collection Coffee Table, End Table, Center Table, Corner Table",2298.114,39
"Lesro Training Table, Adjustable Height",4223.8308,27
"Lesro Training Table, Fully Assembled",3483.7803,19
"Lesro Training Table, Rectangular",2711.6466,25
"Lesro Training Table, with Bottom Storage",2073.344,12
"Lesro Wood Table, Adjustable Height",6480.756,24
"Lesro Wood Table, Fully Assembled",5556.465,27
"Lesro Wood Table, Rectangular",3867.25,14
"Lesro Wood Table, with Bottom Storage",2393.2416,7
"Lifetime Advantage Folding Chairs, 4/Carton",5212.112,27
"Linden 10"" Round Wall Clock, Black",253.648,21
"Linden 12"" Wall Clock With Oak Frame",101.94,3
Longer-Life Soft White Bulbs,115.192,44
Luxo Adjustable Task Clamp Lamp,1545.816,18
Luxo Economy Swing Arm Lamp,338.98,17
Luxo Professional Combination Clamp-On Lamps,1329.9,13
Luxo Professional Fluorescent Magnifier Lamp with Clamp-Mount Base,3861.056,23
Luxo Professional Magnifying Clamp-On Fluorescent Lamps,1268.922,13
Magna Visual Magnetic Picture Hangers,84.832,19
Magnifier Swing Arm Lamp,251.76,12
"Master Big Foot Doorstop, Beige",152.064,30
"Master Caster Door Stop, Brown",176.784,38
"Master Caster Door Stop, Gray",47.752,10
"Master Caster Door Stop, Large Brown",59.696,10
"Master Caster Door Stop, Large Neon Orange",154.336,27
"Master Giant Foot Doorstop, Safety Yellow",83.49,12
"Metal Folding Chairs, Beige, 4/Carton",685.588,23
"Novimex Bag Chairs, Adjustable",3500.5125,90
"Novimex Bag Chairs, Black",3986.0421,132
"Novimex Bag Chairs, Red",2420.1004,70
"Novimex Bag Chairs, Set of Two",2432.998,68
"Novimex Chairmat, Adjustable",3645.499,93
"Novimex Chairmat, Black",3214.2939,77
"Novimex Chairmat, Red",2799.159,66
"Novimex Chairmat, Set of Two",4711.6125,102
"Novimex Executive Leather Armchair, Adjustable",40585.1336,124
"Novimex Executive Leather Armchair, Black",28629.5075,80
"Novimex Executive Leather Armchair, Red",38814.802,118
Novimex Fabric Task Chair,1890.38,39
Novimex High-Tech Fabric Mesh Task Chair,922.74,16
"Novimex Rocking Chair, Adjustable",6887.952,78
"Novimex Rocking Chair, Black",7219.7,87
"Novimex Rocking Chair, Red",7596.654,76
"Novimex Rocking Chair, Set of Two",7459.7896,76
"Novimex Steel Folding Chair, Adjustable",4617.24,71
"Novimex Steel Folding Chair, Black",6471.248,113
"Novimex Steel Folding Chair, Red",4845.2657,84
"Novimex Steel Folding Chair, Set of Two",5971.6096,93
Novimex Swivel Fabric Task Chair,2913.914,25
"Novimex Swivel Stool, Adjustable",10527.867,77
"Novimex Swivel Stool, Black",16836.5373,127
"Novimex Swivel Stool, Red",12153.594,100
"Novimex Swivel Stool, Set of Two",6051.573,45
Novimex Turbo Task Chair,1341.522,22
Nu-Dell Executive Frame,409.536,39
Nu-Dell EZ-Mount Plastic Wall Frames,19.7,8
Nu-Dell Float Frame 11 x 14 1/2,170.62,22
Nu-Dell Leatherette Frames,246.648,18
Nu-Dell Oak Frame,151.656,16
"Office Impressions End Table, 20-1/2""H x 24""W x 20""D",5801.816,23
Office Star - Contemporary Swivel Chair with Padded Adjustable Arms and Flex Back,3989.734,32
Office Star - Contemporary Task Swivel Chair,1842.268,20
"Office Star - Contemporary Task Swivel chair with 2-way adjustable arms, Plum",694.194,7
"Office Star - Contemporary Task Swivel chair with Loop Arms, Charcoal",3680.538,35
Office Star - Ergonomic Mid Back Chair with 2-Way Adjustable Arms,2207.956,13
Office Star - Ergonomically Designed Knee Chair,1311.876,19
Office Star - Mesh Screen back chair with Vinyl seat,2200.464,20
Office Star - Mid Back Dual function Ergonomic High Back Chair with 2-Way Adjustable Arms,4185.48,31
Office Star - Professional Matrix Back Chair with 2-to-1 Synchro Tilt and Mesh Fabric Seat,8774.5,28
Office Star - Task Chair with Contemporary Loop Arms,600.468,8
"Office Star Bag Chairs, Adjustable",3101.7653,80
"Office Star Bag Chairs, Black",3279.552,76
"Office Star Bag Chairs, Red",2577.96,60
"Office Star Bag Chairs, Set of Two",5315.7489,149
"Office Star Chairmat, Adjustable",5534.9316,97
"Office Star Chairmat, Black",3623.1611,67
"Office Star Chairmat, Red",4180.0088,82
"Office Star Chairmat, Set of Two",4351.2613,87
"Office Star Executive Leather Armchair, Adjustable",50661.684,141
"Office Star Executive Leather Armchair, Black",29421.6023,89
"Office Star Executive Leather Armchair, Red",25213.988,68
Office Star Flex Back Scooter Chair with Aluminum Finish Frame,1947.177,20
Office Star Flex Back Scooter Chair with White Frame,1775.68,21
"Office Star Rocking Chair, Adjustable",11630.218,127
"Office Star Rocking Chair, Black",10579.4104,95
"Office Star Rocking Chair, Red",7730.3226,62
"Office Star Rocking Chair, Set of Two",10710.754,101
"Office Star Steel Folding Chair, Adjustable",6993.408,102
"Office Star Steel Folding Chair, Black",8962.5216,124
"Office Star Steel Folding Chair, Red",6913.7112,109
"Office Star Steel Folding Chair, Set of Two",3677.9076,50
"Office Star Swivel Stool, Adjustable",14249.663,118
"Office Star Swivel Stool, Black",5432.8651,48
"Office Star Swivel Stool, Red",11903.294,84
"Office Star Swivel Stool, Set of Two",10107.433,72
OIC Stacking Trays,82.832,30
O'Sullivan 2-Door Barrister Bookcase in Odessa Pine,4886.46,31
O'Sullivan 2-Shelf Heavy-Duty Bookcases,723.842,21
O'Sullivan 3-Shelf Heavy-Duty Bookcases,1119.195,22
O'Sullivan 4-Shelf Bookcase in Odessa Pine,2740.197,37
O'Sullivan 5-Shelf Heavy-Duty Bookcases,540.804,9
O'Sullivan Cherrywood Estates Traditional Barrister Bookcase,1072.344,9
O'Sullivan Cherrywood Estates Traditional Bookcase,424.9,6
"O'Sullivan Elevations Bookcase, Cherry Finish",1912.308,18
O'Sullivan Living Dimensions 2-Shelf Bookcases,2970.059,28
O'Sullivan Living Dimensions 3-Shelf Bookcases,2904.161,17
O'Sullivan Living Dimensions 5-Shelf Bookcases,3420.7704,21
O'Sullivan Manor Hill 2-Door Library in Brianna Oak,1646.918,12
O'Sullivan Plantations 2-Door Library in Landvery Oak,2946.3668,22
"Padded Folding Chairs, Black, 4/Carton",1830.148,30
Regeneration Desk Collection,35.904,21
"Riverside Furniture Oval Coffee Table, Oval End Table, End Table with Drawer",4446.175,25
Riverside Furniture Stanwyck Manor Table Series,917.92,5
"Riverside Palais Royal Lawyers Bookcase, Royale Cherry Finish",15610.9656,24
"Rubbermaid Clock, Black",1825.6568,50
"Rubbermaid Clock, Duo Pack",1886.598,49
"Rubbermaid Clock, Durable",893.464,24
"Rubbermaid Clock, Erganomic",2806.9638,70
"Rubbermaid ClusterMat Chairmats, Mat Size- 66"" x 60"", Lip 20"" x 11"" -90 Degree Angle",2064.228,24
"Rubbermaid Door Stop, Black",1243.628,36
"Rubbermaid Door Stop, Duo Pack",2807.4786,74
"Rubbermaid Door Stop, Durable",1993.7289,62
"Rubbermaid Door Stop, Erganomic",1553.4204,43
"Rubbermaid Frame, Black",4069.593,54
"Rubbermaid Frame, Duo Pack",9833.195,102
"Rubbermaid Frame, Durable",5641.4556,68
"Rubbermaid Frame, Erganomic",6642.9822,79
"Rubbermaid Light Bulb, Black",878.3836,63
"Rubbermaid Light Bulb, Duo Pack",881.055,64
"Rubbermaid Light Bulb, Durable",1158.5629,91
"Rubbermaid Light Bulb, Erganomic",1396.3926,98
"Rubbermaid Photo Frame, Black",2104.5,48
"Rubbermaid Photo Frame, Duo Pack",2538.69,57
"Rubbermaid Photo Frame, Durable",3217.6914,85
"Rubbermaid Photo Frame, Erganomic",2243.4798,53
"Rubbermaid Stacking Tray, Black",1933.596,89
"Rubbermaid Stacking Tray, Durable",1042.8072,58
"Rubbermaid Stacking Tray, Erganomic",2532.9078,141
"Rush Hierlooms Collection 1"" Thick Stackable Bookcases",2487.759,15
Rush Hierlooms Collection Rich Wood Bookcases,489.3792,4
"Safco 3-Shelf Cabinet, Metal",8168.16,60
"Safco 3-Shelf Cabinet, Mobile",6882.96,53
"Safco 3-Shelf Cabinet, Pine",7412.9091,52
"Safco 3-Shelf Cabinet, Traditional",7260.12,57
SAFCO Arco Folding Chair,11572.78,53
"SAFCO Bag Chairs, Adjustable",2914.1385,81
"SAFCO Bag Chairs, Black",2247.7048,70
"SAFCO Bag Chairs, Red",3349.8896,93
"SAFCO Bag Chairs, Set of Two",2268.1572,61
"Safco Chair Connectors, 6/Carton",881.192,26
"SAFCO Chairmat, Adjustable",4317.6676,102
"SAFCO Chairmat, Black",2981.4105,71
"SAFCO Chairmat, Red",3514.6244,80
"SAFCO Chairmat, Set of Two",2534.9388,58
"Safco Classic Bookcase, Metal",25276.3536,75
"Safco Classic Bookcase, Mobile",27696.1095,85
"Safco Classic Bookcase, Pine",21799.2,60
"Safco Classic Bookcase, Traditional",26230.58,80
Safco Contoured Stacking Chairs,5697.76,27
"Safco Corner Shelving, Metal",6321.654,58
"Safco Corner Shelving, Mobile",6352.764,53
"Safco Corner Shelving, Pine",3270.0635,27
"Safco Corner Shelving, Traditional",7791.848,71
Safco Drafting Table,638.82,12
"SAFCO Executive Leather Armchair, Adjustable",24210.4384,72
"SAFCO Executive Leather Armchair, Black",41923.53,111
"SAFCO Executive Leather Armchair, Red",25640.127,76
"SAFCO Executive Leather Armchair, Set of Two",17106.7008,56
"Safco Floating Shelf Set, Metal",8311.032,57
"Safco Floating Shelf Set, Mobile",9310.7556,61
"Safco Floating Shelf Set, Pine",11623.9212,73
"Safco Floating Shelf Set, Traditional",10576.0866,66
SAFCO Folding Chair Trolley,705.32,6
"Safco Library with Doors, Metal",11759.2425,39
"Safco Library with Doors, Mobile",16293.942,57
"Safco Library with Doors, Pine",27263.7618,89
"Safco Library with Doors, Traditional",11997.7362,47
SAFCO Optional Arm Kit for Workspace Cribbage Stacking Chair,245.088,12
"SAFCO PlanMaster Boards, 60w x 37-1/2d, White Melamine",2979.004,26
"SAFCO PlanMaster Heigh-Adjustable Drafting Table Base, 43w x 30d x 30-37h, Black",3739.115,14
"SAFCO Rocking Chair, Adjustable",7034.88,68
"SAFCO Rocking Chair, Black",8861.5872,88
"SAFCO Rocking Chair, Red",7141.6857,71
"SAFCO Rocking Chair, Set of Two",8695.944,78
"Safco Stackable Bookrack, Mobile",3933.072,40
"Safco Stackable Bookrack, Pine",15582.401,135
"Safco Stackable Bookrack, Traditional",5845.0724,56
"SAFCO Steel Folding Chair, Adjustable",4382.364,60
"SAFCO Steel Folding Chair, Black",3228.488,54
"SAFCO Steel Folding Chair, Red",6973.937,101
"SAFCO Steel Folding Chair, Set of Two",4414.7124,80
"SAFCO Swivel Stool, Adjustable",7871.5936,57
"SAFCO Swivel Stool, Black",8111.0934,71
"SAFCO Swivel Stool, Red",6977.907,59
"SAFCO Swivel Stool, Set of Two",12395.505,87
"Safco Value Mate Series Steel Bookcases, Baked Enamel Finish on Steel, Gray",858.858,17
"Safco Value Mate Steel Bookcase, Baked Enamel Finish on Steel, Black",802.074,14
"Sauder 3-Shelf Cabinet, Metal",7533.3414,63
"Sauder 3-Shelf Cabinet, Mobile",10835.004,90
"Sauder 3-Shelf Cabinet, Pine",9661.725,71
"Sauder 3-Shelf Cabinet, Traditional",6787.7652,58
Sauder Barrister Bookcases,754.7336,16
"Sauder Camden County Barrister Bookcase, Planked Cherry Finish",1064.624,10
"Sauder Camden County Collection Libraries, Planked Cherry Finish",1909.8178,19
Sauder Camden County Collection Library,1368.262,16
"Sauder Classic Bookcase, Metal",23194.97,69
"Sauder Classic Bookcase, Mobile",20057.4474,58
"Sauder Classic Bookcase, Pine",24075.567,73
"Sauder Classic Bookcase, Traditional",39108.303,113
"Sauder Corner Shelving, Metal",6866.9004,66
"Sauder Corner Shelving, Mobile",7335.1872,61
"Sauder Corner Shelving, Pine",11059.56,91
"Sauder Corner Shelving, Traditional",6555.341,56
Sauder Cornerstone Collection Library,322.192,14
"Sauder Facets Collection Library, Sky Alder Finish",1427.683,10
"Sauder Floating Shelf Set, Metal",11848.7292,73
"Sauder Floating Shelf Set, Mobile",9710.46,60
"Sauder Floating Shelf Set, Pine",13323.24,95
"Sauder Floating Shelf Set, Traditional",7530.246,48
"Sauder Forest Hills Library with Doors, Woodland Oak Finish",1014.174,10
"Sauder Forest Hills Library, Woodland Oak Finish",1875.034,15
Sauder Inglewood Library Bookcases,2154.348,14
"Sauder Library with Doors, Metal",15171.3474,51
"Sauder Library with Doors, Mobile",11669.3865,44
"Sauder Library with Doors, Pine",12181.557,37
"Sauder Library with Doors, Traditional",15697.7229,47
"Sauder Mission Library with Doors, Fruitwood Finish",935.1972,10
"Sauder Stackable Bookrack, Mobile",7779.013,60
"Sauder Stackable Bookrack, Pine",15642.1983,133
"Sauder Stackable Bookrack, Traditional",3666.752,33
"Seth Thomas 12"" Clock w/ Goldtone Case",390.66,17
"Seth Thomas 13 1/2"" Wall Clock",316.484,20
"Seth Thomas 14"" Day/Date Wall Clock",467.072,17
"Seth Thomas 14"" Putty-Colored Wall Clock",357.948,13
"Seth Thomas 16"" Steel Case Clock",441.728,19
"Seth Thomas 8 1/2"" Cubicle Clock",210.912,11
"Situations Contoured Folding Chairs, 4/Set",3641.274,64
Stackable Trays,65.296,23
"Stacking Tray, Side-Loading, Legal, Smoke",46.592,16
Stacking Trays by OIC,72.708,19
Staples,422.288,62
Telescoping Adjustable Floor Lamp,143.928,10
"Tenex ""The Solids"" Textured Chair Mats",1469.16,26
"Tenex 46"" x 60"" Computer Anti-Static Chairmat, Rectangular Shaped",2267.972,25
Tenex Antistatic Computer Chair Mats,3317.012,25
Tenex B1-RE Series Chair Mats for Low Pile Carpets,1002.364,23
"Tenex Carpeted, Granite-Look or Clear Contemporary Contour Shape Chair Mats",763.668,15
"Tenex Chairmat w/ Average Lip, 45"" x 53""",2058.496,19
Tenex Chairmats For Use With Carpeted Floors,175.78,11
Tenex Chairmats For Use with Hard Floors,467.712,20
"Tenex Clock, Black",3137.275,81
"Tenex Clock, Duo Pack",2518.1832,67
"Tenex Clock, Durable",2624.5128,87
"Tenex Clock, Erganomic",1961.316,45
"Tenex Contemporary Contur Chairmats for Low and Medium Pile Carpet, Computer, 39"" x 49""",1010.782,10
"Tenex Door Stop, Black",1671.3312,56
"Tenex Door Stop, Duo Pack",2150.034,54
"Tenex Door Stop, Durable",1429.7448,56
"Tenex Door Stop, Erganomic",1600.2181,44
"Tenex Frame, Black",4652.154,53
"Tenex Frame, Duo Pack",5018.5576,64
"Tenex Frame, Durable",4304.2989,52
"Tenex Frame, Erganomic",5060.036,62
"Tenex Light Bulb, Black",953.441,78
"Tenex Light Bulb, Duo Pack",860.88,55
"Tenex Light Bulb, Durable",939.2992,80
"Tenex Light Bulb, Erganomic",1102.14,80
"Tenex Photo Frame, Black",2037.312,46
"Tenex Photo Frame, Duo Pack",2214.573,57
"Tenex Photo Frame, Durable",1412.8317,47
"Tenex Photo Frame, Erganomic",2427.126,57
"Tenex Stacking Tray, Black",1057.8807,55
"Tenex Stacking Tray, Durable",631.591,36
"Tenex Stacking Tray, Erganomic",2516.122,142
"Tenex Traditional Chairmats for Hard Floors, Average Lip, 36"" x 48""",180.46,4
"Tenex Traditional Chairmats for Medium Pile Carpet, Standard Lip, 36"" x 48""",1322.17,24
"Tenex V2T-RE Standard Weight Series Chair Mat, 45"" x 53"", Lip 25"" x 12""",468.468,7
"Tensor ""Hersey Kiss"" Styled Floor Lamp",93.528,8
Tensor Brushed Steel Torchiere Floor Lamp,146.114,10
Tensor Computer Mounted Lamp,536.04,36
Tensor Track Tree Floor Lamp,299.85,17
Ultra Commercial Grade Dual Valve Door Closer,63.824,2
"Ultra Door Kickplate, 8""H x 34""W",158.24,10
Ultra Door Pull Handle,265.104,27
Ultra Door Push Plate,149.264,34
Westinghouse Clip-On Gooseneck Lamps,279.558,38
"Westinghouse Floor Lamp with Metal Mesh Shade, Black",167.93,7
"Westinghouse Mesh Shade Clip-On Gooseneck Lamp, Black",84.84,6
Grand Total,4110874.186,34954
